{"format": "layers-model", "generatedBy": "keras v2.2.4-tf", "convertedBy": "TensorFlow.js Converter v1.4.0", "modelTopology": {"keras_version": "2.2.4-tf", "backend": "tensorflow", "model_config": {"class_name": "Model", "config": {"name": "model_2", "layers": [{"class_name": "InputLayer", "config": {"batch_input_shape": [null, null, null, 512], "dtype": "float32", "sparse": false, "name": "Decoder_input"}, "name": "Decoder_input", "inbound_nodes": []}, {"class_name": "Conv2D", "config": {"name": "conv4_1", "trainable": true, "dtype": "float32", "filters": 256, "kernel_size": [3, 3], "strides": [1, 1], "padding": "valid", "data_format": "channels_last", "dilation_rate": [1, 1], "activation": "relu", "use_bias": true, "kernel_initializer": {"class_name": "GlorotUniform", "config": {"seed": null}}, "bias_initializer": {"class_name": "Zeros", "config": {}}, "kernel_regularizer": null, "bias_regularizer": null, "activity_regularizer": null, "kernel_constraint": null, "bias_constraint": null}, "name": "conv4_1", "inbound_nodes": [[["Decoder_input", 0, 0, {}]]]}, {"class_name": "UpSampling2D", "config": {"name": "up_sampling2d_9", "trainable": true, "dtype": "float32", "size": [2, 2], "data_format": "channels_last", "interpolation": "nearest"}, "name": "up_sampling2d_9", "inbound_nodes": [[["conv4_1", 0, 0, {}]]]}, {"class_name": "Conv2D", "config": {"name": "conv3_4", "trainable": true, "dtype": "float32", "filters": 256, "kernel_size": [3, 3], "strides": [1, 1], "padding": "valid", "data_format": "channels_last", "dilation_rate": [1, 1], "activation": "relu", "use_bias": true, "kernel_initializer": {"class_name": "GlorotUniform", "config": {"seed": null}}, "bias_initializer": {"class_name": "Zeros", "config": {}}, "kernel_regularizer": null, "bias_regularizer": null, "activity_regularizer": null, "kernel_constraint": null, "bias_constraint": null}, "name": "conv3_4", "inbound_nodes": [[["up_sampling2d_9", 0, 0, {}]]]}, {"class_name": "Conv2D", "config": {"name": "conv3_3", "trainable": true, "dtype": "float32", "filters": 256, "kernel_size": [3, 3], "strides": [1, 1], "padding": "valid", "data_format": "channels_last", "dilation_rate": [1, 1], "activation": "relu", "use_bias": true, "kernel_initializer": {"class_name": "GlorotUniform", "config": {"seed": null}}, "bias_initializer": {"class_name": "Zeros", "config": {}}, "kernel_regularizer": null, "bias_regularizer": null, "activity_regularizer": null, "kernel_constraint": null, "bias_constraint": null}, "name": "conv3_3", "inbound_nodes": [[["conv3_4", 0, 0, {}]]]}, {"class_name": "Conv2D", "config": {"name": "conv3_2", "trainable": true, "dtype": "float32", "filters": 256, "kernel_size": [3, 3], "strides": [1, 1], "padding": "valid", "data_format": "channels_last", "dilation_rate": [1, 1], "activation": "relu", "use_bias": true, "kernel_initializer": {"class_name": "GlorotUniform", "config": {"seed": null}}, "bias_initializer": {"class_name": "Zeros", "config": {}}, "kernel_regularizer": null, "bias_regularizer": null, "activity_regularizer": null, "kernel_constraint": null, "bias_constraint": null}, "name": "conv3_2", "inbound_nodes": [[["conv3_3", 0, 0, {}]]]}, {"class_name": "Conv2D", "config": {"name": "conv3_1", "trainable": true, "dtype": "float32", "filters": 128, "kernel_size": [3, 3], "strides": [1, 1], "padding": "valid", "data_format": "channels_last", "dilation_rate": [1, 1], "activation": "relu", "use_bias": true, "kernel_initializer": {"class_name": "GlorotUniform", "config": {"seed": null}}, "bias_initializer": {"class_name": "Zeros", "config": {}}, "kernel_regularizer": null, "bias_regularizer": null, "activity_regularizer": null, "kernel_constraint": null, "bias_constraint": null}, "name": "conv3_1", "inbound_nodes": [[["conv3_2", 0, 0, {}]]]}, {"class_name": "UpSampling2D", "config": {"name": "up_sampling2d_10", "trainable": true, "dtype": "float32", "size": [2, 2], "data_format": "channels_last", "interpolation": "nearest"}, "name": "up_sampling2d_10", "inbound_nodes": [[["conv3_1", 0, 0, {}]]]}, {"class_name": "Conv2D", "config": {"name": "conv2_2", "trainable": true, "dtype": "float32", "filters": 128, "kernel_size": [3, 3], "strides": [1, 1], "padding": "valid", "data_format": "channels_last", "dilation_rate": [1, 1], "activation": "relu", "use_bias": true, "kernel_initializer": {"class_name": "GlorotUniform", "config": {"seed": null}}, "bias_initializer": {"class_name": "Zeros", "config": {}}, "kernel_regularizer": null, "bias_regularizer": null, "activity_regularizer": null, "kernel_constraint": null, "bias_constraint": null}, "name": "conv2_2", "inbound_nodes": [[["up_sampling2d_10", 0, 0, {}]]]}, {"class_name": "Conv2D", "config": {"name": "conv2_1", "trainable": true, "dtype": "float32", "filters": 64, "kernel_size": [3, 3], "strides": [1, 1], "padding": "valid", "data_format": "channels_last", "dilation_rate": [1, 1], "activation": "relu", "use_bias": true, "kernel_initializer": {"class_name": "GlorotUniform", "config": {"seed": null}}, "bias_initializer": {"class_name": "Zeros", "config": {}}, "kernel_regularizer": null, "bias_regularizer": null, "activity_regularizer": null, "kernel_constraint": null, "bias_constraint": null}, "name": "conv2_1", "inbound_nodes": [[["conv2_2", 0, 0, {}]]]}, {"class_name": "UpSampling2D", "config": {"name": "up_sampling2d_11", "trainable": true, "dtype": "float32", "size": [2, 2], "data_format": "channels_last", "interpolation": "nearest"}, "name": "up_sampling2d_11", "inbound_nodes": [[["conv2_1", 0, 0, {}]]]}, {"class_name": "Conv2D", "config": {"name": "conv1_2", "trainable": true, "dtype": "float32", "filters": 64, "kernel_size": [3, 3], "strides": [1, 1], "padding": "valid", "data_format": "channels_last", "dilation_rate": [1, 1], "activation": "relu", "use_bias": true, "kernel_initializer": {"class_name": "GlorotUniform", "config": {"seed": null}}, "bias_initializer": {"class_name": "Zeros", "config": {}}, "kernel_regularizer": null, "bias_regularizer": null, "activity_regularizer": null, "kernel_constraint": null, "bias_constraint": null}, "name": "conv1_2", "inbound_nodes": [[["up_sampling2d_11", 0, 0, {}]]]}, {"class_name": "Conv2D", "config": {"name": "conv1_1", "trainable": true, "dtype": "float32", "filters": 3, "kernel_size": [3, 3], "strides": [1, 1], "padding": "valid", "data_format": "channels_last", "dilation_rate": [1, 1], "activation": "linear", "use_bias": true, "kernel_initializer": {"class_name": "GlorotUniform", "config": {"seed": null}}, "bias_initializer": {"class_name": "Zeros", "config": {}}, "kernel_regularizer": null, "bias_regularizer": null, "activity_regularizer": null, "kernel_constraint": null, "bias_constraint": null}, "name": "conv1_1", "inbound_nodes": [[["conv1_2", 0, 0, {}]]]}], "input_layers": [["Decoder_input", 0, 0]], "output_layers": [["conv1_1", 0, 0]]}}}, "weightsManifest": [{"paths": ["group1-shard1of4.bin", "group1-shard2of4.bin", "group1-shard3of4.bin", "group1-shard4of4.bin"], "weights": [{"name": "conv1_1_1/kernel", "shape": [3, 3, 64, 3], "dtype": "float32"}, {"name": "conv1_1_1/bias", "shape": [3], "dtype": "float32"}, {"name": "conv1_2_1/kernel", "shape": [3, 3, 64, 64], "dtype": "float32"}, {"name": "conv1_2_1/bias", "shape": [64], "dtype": "float32"}, {"name": "conv2_1_1/kernel", "shape": [3, 3, 128, 64], "dtype": "float32"}, {"name": "conv2_1_1/bias", "shape": [64], "dtype": "float32"}, {"name": "conv2_2_1/kernel", "shape": [3, 3, 128, 128], "dtype": "float32"}, {"name": "conv2_2_1/bias", "shape": [128], "dtype": "float32"}, {"name": "conv3_1_1/kernel", "shape": [3, 3, 256, 128], "dtype": "float32"}, {"name": "conv3_1_1/bias", "shape": [128], "dtype": "float32"}, {"name": "conv3_2_1/kernel", "shape": [3, 3, 256, 256], "dtype": "float32"}, {"name": "conv3_2_1/bias", "shape": [256], "dtype": "float32"}, {"name": "conv3_3_1/kernel", "shape": [3, 3, 256, 256], "dtype": "float32"}, {"name": "conv3_3_1/bias", "shape": [256], "dtype": "float32"}, {"name": "conv3_4_1/kernel", "shape": [3, 3, 256, 256], "dtype": "float32"}, {"name": "conv3_4_1/bias", "shape": [256], "dtype": "float32"}, {"name": "conv4_1_1/kernel", "shape": [3, 3, 512, 256], "dtype": "float32"}, {"name": "conv4_1_1/bias", "shape": [256], "dtype": "float32"}]}]}